name,phone,email,postalZip,country,numberrange
Miranda Kidd,(391) 284-6476,turpis.egestas@google.com,525117,United States,8
Melvin Pittman,1-434-887-3506,rutrum@icloud.net,26476,Pakistan,8
Yoko Welch,(720) 946-8156,ut.quam.vel@hotmail.edu,4321,Brazil,7
Micah Delaney,1-876-351-3854,arcu.eu@aol.org,174765,Nigeria,9
Graham Berger,1-636-543-2900,fusce.mollis.duis@protonmail.ca,0136,United Kingdom,7
Norman Martin,(653) 719-1852,molestie.orci.tincidunt@google.edu,4217,Spain,3
Maris Knowles,1-570-765-6214,molestie.tellus@icloud.org,7718-4853,South Korea,5
Daryl Faulkner,1-224-621-2420,non.enim@google.org,23278,Netherlands,0
Alexa Patton,1-617-295-6836,vel.arcu.curabitur@aol.com,277698,Italy,6
Cruz Compton,1-189-738-1757,aliquam.erat@icloud.com,3604,Spain,5
Ross Noel,1-747-287-6374,quisque.ornare@aol.edu,13428,United States,5
Hedwig Bailey,(621) 947-6786,metus.urna@outlook.net,5576,Nigeria,5
Elmo Emerson,(336) 113-7552,gravida.sit.amet@yahoo.net,375552,Netherlands,7
Gray Kim,1-785-524-3515,ipsum.phasellus@protonmail.com,254836,Nigeria,2
Raphael Massey,1-423-886-4135,nonummy.ipsum@outlook.ca,O4Z 5B1,Mexico,1
Sopoline Benson,1-606-271-4571,pede@aol.ca,6508,Brazil,4
Abdul Harrison,(487) 431-4564,integer@protonmail.couk,78442,Spain,9
Lillian Hewitt,1-841-865-6528,dictum@aol.edu,637320,Poland,7
Kasimir Burks,1-768-492-6397,mi.eleifend@google.edu,11972,France,9
Lyle Velez,(152) 789-3568,consectetuer.ipsum.nunc@hotmail.ca,8326 BD,Mexico,6
Wade Osborn,1-475-476-0629,luctus@protonmail.net,45957,Brazil,1
Zenia Hale,1-241-561-6471,orci.quis@protonmail.net,28274,Australia,7
Maxwell Mcfarland,1-376-557-7445,nullam.nisl@icloud.ca,87637,Austria,9
Brooke Lancaster,1-972-913-4773,ipsum.dolor@protonmail.couk,6148 FD,Costa Rica,7
Harding Slater,(269) 516-6078,donec.tempor@protonmail.com,67073,Ukraine,8
Colleen Jordan,(376) 632-6461,nunc.interdum@protonmail.org,36471,Canada,4
Jared Peck,(774) 461-4114,dictum.augue@hotmail.net,704337,New Zealand,9
Isaiah Dixon,1-470-624-3831,morbi.tristique@google.com,18324,Chile,6
Elijah Lara,1-315-420-4227,mi@aol.net,50212,United Kingdom,7
Hashim Mcgowan,(247) 731-7658,ac.fermentum@protonmail.couk,93576-745,South Korea,4
Ingrid Castillo,1-758-961-8383,iaculis.aliquet@hotmail.com,41555,Norway,7
Stella Poole,1-645-756-6067,ac.tellus@aol.edu,68525,Singapore,0
Jada Ruiz,(882) 436-5210,mauris.magna@google.org,50216,Sweden,10
Linda Pope,(867) 425-5851,dolor.fusce@outlook.couk,51501,Russian Federation,6
Bruno Osborn,1-261-662-8817,enim.sed@icloud.com,9747,Spain,2
Garth Mcknight,(859) 772-8321,nibh.sit@google.org,A1T 0N7,China,3
Latifah Figueroa,(728) 130-5996,vel.nisl@google.com,7447,Brazil,5
Buffy Ortiz,1-878-883-3602,per.conubia.nostra@hotmail.couk,15713,Italy,7
Clinton Moore,1-426-236-7733,elit@yahoo.couk,0325,Peru,8
Tobias Hall,1-947-337-8774,sagittis.duis@protonmail.org,3335,Germany,2
Sylvester Wilson,(667) 816-0667,nulla.tempor@aol.ca,622693,Germany,3
Jennifer Burgess,(296) 456-4621,tellus.eu.augue@aol.net,74394,India,5
Chanda Randolph,(549) 546-1218,fames.ac.turpis@yahoo.couk,14227,Norway,7
Barbara Hoover,(268) 584-3713,nunc@hotmail.com,635963,Australia,4
Kibo Velez,(899) 228-6363,lorem.fringilla@aol.couk,73110,Belgium,4
Calista Figueroa,1-138-558-9862,ornare.lectus.ante@icloud.net,59213,Austria,1
Madonna Norman,1-729-304-6048,semper@outlook.edu,387997,Ireland,6
Jescie Stafford,1-350-724-0290,ligula.tortor@protonmail.couk,822856,Poland,9
David Allen,1-688-361-4348,eu.nibh@yahoo.couk,6316 LQ,United States,1
Gwendolyn Webster,1-350-344-6394,erat.neque.non@hotmail.edu,3053,Singapore,8
Quynn Sellers,1-567-893-7439,suscipit.est@aol.couk,892023,Mexico,8
Russell Kirk,(442) 723-8882,posuere@hotmail.com,28383,Canada,8
Galvin Flowers,(786) 346-7941,magna.sed@yahoo.couk,4282,Turkey,4
Dora Allen,1-159-797-0756,lacus.etiam@aol.com,51713,Russian Federation,9
Zoe Nelson,(514) 476-6740,consectetuer.euismod@google.ca,9098,Sweden,6
Preston Wade,(887) 369-9251,sed.orci.lobortis@hotmail.ca,722823,Singapore,8
Shelly Blevins,(714) 604-6316,duis.gravida@yahoo.org,14653,Mexico,8
Sebastian Pollard,1-227-951-2889,eu.nibh.vulputate@icloud.net,4200,Indonesia,2
Abraham Newton,(693) 891-1768,pharetra.ut.pharetra@hotmail.com,8788,United Kingdom,9
Craig Farmer,1-465-568-1742,eu@outlook.org,42848,Nigeria,6
James Cherry,1-884-231-6471,nascetur@protonmail.couk,6382,Ireland,4
September Whitney,1-132-114-7135,vitae.erat@outlook.couk,97707,Indonesia,7
Abel Rice,(276) 955-7581,et.magna@icloud.net,325134,France,1
Ignacia Herrera,(203) 220-3798,ipsum@yahoo.edu,40307,Chile,0
Curran Mcclain,(355) 278-5862,lacinia@aol.edu,77056,Vietnam,8
Sara Richard,1-180-394-4835,ornare.elit@icloud.org,856433,Philippines,5
Signe Chaney,1-885-226-2725,at.libero.morbi@yahoo.org,522938,Singapore,2
Illiana Patel,1-880-504-7328,mi.pede.nonummy@google.ca,41118,Italy,2
Kermit Roman,1-442-805-2729,praesent@aol.net,51167,Sweden,2
Ian Baker,(394) 832-9402,enim.gravida@yahoo.net,722554,Norway,0
Vincent Levine,1-172-352-6102,luctus.sit@hotmail.edu,273916,Vietnam,0
Nehru Munoz,1-246-763-5342,nec@yahoo.ca,405847,Brazil,5
Hiram Berger,1-937-724-0931,sed@hotmail.edu,721271,Colombia,10
Hashim Perry,(228) 526-6178,diam.proin.dolor@yahoo.couk,482568,Canada,5
Oprah Gilliam,1-479-855-4795,erat.nonummy.ultricies@icloud.org,63473,Russian Federation,8
Zelenia Hanson,(481) 527-4861,metus@protonmail.org,5265 LK,Italy,1
Cain Stone,(355) 377-2315,leo.in@yahoo.couk,8016 EA,Vietnam,7
Germane Wade,1-481-398-3074,purus.nullam@yahoo.com,L3G 1W8,South Africa,7
Camilla Gilliam,1-442-589-4239,vel.arcu.curabitur@icloud.couk,76194,Russian Federation,1
Griffith Allen,(725) 545-4358,condimentum.eget@hotmail.edu,33-68,France,7
Rogan Rhodes,(630) 860-7697,dolor@aol.ca,0118 VK,Chile,2
Abigail Middleton,(137) 358-3434,ac.metus@google.net,3511,Sweden,3
Drew Owens,1-133-576-4333,eget.metus@outlook.net,48-13,Turkey,3
Holmes Mitchell,1-231-164-4311,egestas.ligula@aol.net,73-317,Turkey,6
Cullen Mann,(550) 377-7856,aliquam@outlook.org,1323-8725,Nigeria,1
Flavia Faulkner,(967) 764-9266,sed.pede@google.net,619566,Brazil,1
Wynter Bowers,(325) 562-1633,dolor.elit@yahoo.net,23862,Spain,2
Colt Ayers,1-127-334-8372,gravida@google.net,11026,Mexico,4
Ocean Sampson,(921) 458-7172,quisque.imperdiet@outlook.org,288546,Italy,3
Jared Townsend,1-708-725-3766,eu.odio@yahoo.org,16-446,Spain,3
Yoshi Payne,(676) 160-2753,habitant.morbi.tristique@hotmail.net,635611,Pakistan,5
Todd Frazier,1-884-959-8583,risus@google.org,48875,Norway,0
Elijah Nixon,(817) 175-9138,proin.non@outlook.ca,75942,Pakistan,10
Elliott Garcia,(973) 466-8829,cursus.purus.nullam@yahoo.ca,74536,Italy,5
Winter Lloyd,1-328-138-6781,tellus.eu@outlook.couk,149476,China,5
Xandra Clayton,1-862-353-1655,magna.a@google.ca,5156,Chile,1
Regan Moses,(268) 658-8526,aliquam.arcu@protonmail.net,2127,South Korea,9
Shad Mcmahon,1-652-248-1748,et.tristique@protonmail.edu,58852-563,Poland,9
George Mclean,1-548-561-8306,eu.placerat@yahoo.ca,32553,Mexico,8
Jasper Swanson,1-458-533-3794,sed.est.nunc@outlook.com,177517,Italy,1
Cedric Merritt,1-431-422-8114,condimentum.eget@yahoo.ca,85885,Peru,4
Zelenia Wolf,1-630-372-6782,ac@icloud.ca,55227-145,Russian Federation,5
Evan Mcclain,1-641-375-8328,mattis.semper.dui@aol.couk,693244,Costa Rica,10
Mari Collier,(527) 573-1476,donec@hotmail.org,7680-5665,China,6
Upton Rosa,(371) 581-2752,lorem.lorem@yahoo.ca,244758,Canada,1
Elvis Oneil,1-293-485-1377,vitae@google.couk,44512,Netherlands,5
Gwendolyn Beasley,(566) 393-0385,vestibulum@icloud.net,4947,Pakistan,1
Kelly Hogan,(565) 682-5745,eget.magna.suspendisse@aol.couk,7248,Italy,0
Wayne Rocha,1-457-486-2787,libero@protonmail.couk,96-78,Ireland,2
Hunter Pruitt,1-135-849-6558,mauris.rhoncus@aol.com,1227,New Zealand,7
Indira Gibson,(513) 242-1673,lectus.rutrum@yahoo.net,626855,Russian Federation,9
Sylvia Oneal,1-500-783-2191,senectus.et@google.net,5321,France,5
Derek Massey,(751) 975-9619,erat.nonummy.ultricies@icloud.com,8044,South Korea,6
Wang Armstrong,1-551-153-4396,magna.suspendisse@yahoo.com,436852,Philippines,1
Dustin Rosa,(241) 434-4037,nascetur.ridiculus.mus@outlook.com,1371-0777,United Kingdom,9
Mark Kane,(344) 719-4715,pede.nonummy@protonmail.edu,4803,India,9
Ivor Gallegos,1-316-451-9845,facilisi.sed.neque@aol.net,33195,Sweden,2
Gage Moore,1-315-453-7445,ipsum@protonmail.couk,641673,China,7
Chelsea Wheeler,1-432-296-5243,mus.proin@yahoo.ca,5558,Norway,7
Olivia Charles,(295) 601-2918,non.bibendum.sed@outlook.ca,2264,Turkey,4
Rowan Harvey,1-886-723-7220,ante.dictum@protonmail.ca,50119,India,4
Warren Montoya,(232) 326-2188,maecenas@hotmail.com,5627,Norway,1
Uriah Cook,1-342-111-5684,at.libero.morbi@outlook.com,633810,Pakistan,2
Burke Foley,1-384-665-3937,sodales@hotmail.net,1371,Sweden,4
Hu Castaneda,1-953-451-8647,varius.nam@outlook.net,79503,Philippines,7
Christian Greer,(851) 696-3043,nec@outlook.com,7609,Colombia,5
Damon Hardin,1-567-351-2763,risus.donec.egestas@aol.com,95161-144,Mexico,8
Malachi Lyons,1-335-514-8423,dolor@outlook.edu,58568,Vietnam,2
Victor Howe,1-416-675-5422,placerat.orci.lacus@protonmail.com,463562,Spain,10
Ursa Dillard,(226) 254-4436,nunc@protonmail.ca,3033,United States,6
Liberty Lester,1-347-784-9560,feugiat.placerat@protonmail.com,256508,New Zealand,2
Melodie Wiggins,(233) 404-4743,euismod.urna@icloud.edu,12620,Ireland,7
Remedios Brady,1-438-181-3585,vulputate.mauris@google.couk,53-28,Canada,6
Lenore Horton,1-507-635-3031,cras@protonmail.net,10618,China,3
Desirae Banks,(871) 765-4767,id.libero@google.ca,68268,Turkey,6
Celeste Delaney,(614) 458-1408,massa@icloud.couk,6736,Canada,6
Uma Barlow,1-656-302-3356,nec.ante@icloud.couk,31538,Ireland,8
Brianna Norman,(281) 433-6248,at.auctor@icloud.couk,626494,Chile,1
Stella Tucker,1-268-968-2934,dolor.dapibus@yahoo.com,348537,Vietnam,8
Fulton Britt,1-725-317-6101,consequat.nec@outlook.com,182065,Vietnam,5
Jemima Good,1-483-747-3937,placerat.cras@hotmail.com,303666,United Kingdom,6
Dara Hudson,1-816-898-6636,odio.nam.interdum@yahoo.edu,66654-122,Russian Federation,5
Lacy Ware,(587) 727-5927,ut.nisi.a@aol.org,7343,United Kingdom,8
Olivia Phillips,(578) 668-7730,nunc@outlook.ca,683668,Indonesia,1
Hilda Nash,1-565-301-6534,nulla.facilisi@google.edu,607406,Australia,5
Jackson Parks,1-399-778-8219,montes.nascetur.ridiculus@aol.com,50603,Singapore,4
Timothy Mcclure,1-461-170-6251,nonummy@hotmail.com,7547,Mexico,5
Brooke Rosa,1-264-660-2119,non.ante@outlook.ca,14973,Ukraine,4
Kirk Mueller,1-772-351-5184,dolor.fusce@outlook.edu,66160,New Zealand,0
Jonah Lane,1-837-433-7782,auctor.mauris@icloud.net,8865,Poland,0
Peter Baker,1-677-378-2334,orci.tincidunt@protonmail.edu,24658-004,Chile,1
Sybill Merritt,1-785-903-0750,nec@outlook.org,62173,Brazil,8
Colton Colon,1-329-373-2466,et.malesuada@google.couk,3443,United Kingdom,2
Ian Warner,(556) 299-7025,aliquam.erat@icloud.edu,69627,Russian Federation,7
Nyssa Davenport,1-982-531-4451,semper.et.lacinia@outlook.ca,91839-73812,Ukraine,6
Kimberly Bruce,(616) 861-7270,sit.amet.metus@icloud.ca,285564,Italy,6
Marvin Chandler,(217) 518-3988,mus.donec.dignissim@aol.couk,6510,India,6
September Mckenzie,1-774-707-7233,sed@protonmail.ca,15620,Belgium,9
Fiona Anthony,(528) 531-1841,natoque.penatibus@google.couk,682934,United States,4
Stephanie Flowers,(704) 658-3605,integer.eu.lacus@outlook.ca,3895,Norway,0
Oren Parker,(661) 580-3115,vivamus.nibh@yahoo.net,386199,Austria,9
Zane Carrillo,1-701-319-4844,dui.nec.tempus@google.net,265448,New Zealand,4
Natalie Clayton,(864) 289-6168,est.mollis@outlook.edu,50507,Italy,1
Yen Burton,(764) 742-0730,vivamus@yahoo.edu,2221,Germany,0
Linda Brennan,1-515-689-1963,netus.et.malesuada@protonmail.ca,170153,Turkey,6
Lucy Luna,(203) 395-6578,aliquam.fringilla@outlook.net,5675,Australia,8
Ivor Mcguire,(401) 461-0851,vivamus.sit@protonmail.org,VB8 7HK,Poland,10
Brody Gilliam,(522) 526-7453,tempus.lorem@aol.edu,8723-7212,Indonesia,10
Rafael Watkins,1-506-296-2562,urna.nullam@google.org,818638,Brazil,2
Francis Rice,(979) 464-7613,enim.sed.nulla@icloud.edu,52958,Ireland,2
Barbara Raymond,1-847-232-1487,orci@hotmail.edu,12-624,Russian Federation,8
Hall Joseph,(413) 556-2417,dapibus@aol.com,516070,Peru,6
Jesse Farley,(298) 715-4715,eget@yahoo.com,87442,Indonesia,8
Samantha Griffith,(352) 880-8146,lacinia.orci.consectetuer@icloud.org,6253,Sweden,4
Patience Donovan,1-817-817-4089,duis.mi@yahoo.net,813152,Ukraine,3
Garrison Pearson,1-544-908-4803,elit.curabitur@yahoo.net,GB8S 0PN,Ukraine,7
Cody Thornton,1-767-627-4246,laoreet.libero@outlook.net,B0N 2T6,Norway,1
Alisa Lara,1-750-886-4259,tincidunt.vehicula@icloud.edu,61682,Austria,5
Charde Brennan,(578) 414-9387,sollicitudin.a@outlook.edu,36975,Costa Rica,3
Mira Best,(286) 697-2327,curabitur.consequat@aol.org,5641,South Korea,2
Iona Rocha,(192) 372-6108,fermentum.risus@hotmail.ca,61128,Italy,3
Amela Garrett,1-518-832-0446,magna@yahoo.org,24644,Poland,6
Uma Bonner,1-683-884-2623,suspendisse.ac@outlook.com,6766-4888,Ireland,10
Patience Hoffman,(206) 683-8711,est@protonmail.edu,15373,Belgium,0
Christian Whitfield,(756) 774-7521,placerat@outlook.edu,762315,Colombia,6
Vladimir Dejesus,1-326-956-0551,elit@protonmail.couk,379752,Vietnam,3
Buffy Gutierrez,(106) 543-6144,at.augue.id@google.couk,45274,United Kingdom,2
Cameron Hooper,(372) 505-6451,risus.donec.nibh@aol.ca,26-653,Ukraine,9
Dale Buchanan,(865) 941-6287,in.condimentum.donec@google.ca,458248,New Zealand,8
Janna Valdez,(527) 656-2656,lectus.sit@protonmail.couk,67711,United Kingdom,9
Zachary Henderson,(780) 622-6134,cum@yahoo.com,PT14 5RN,Canada,10
MacKenzie Landry,(239) 434-2163,cum.sociis@icloud.couk,479756,Chile,1
Josephine Berg,1-351-444-6924,amet.faucibus@outlook.net,54121,Spain,1
Mariam Rosario,1-345-653-5258,in.lorem@aol.ca,242689,United Kingdom,2
Haley Sharpe,(766) 666-1581,accumsan@aol.ca,615496,Costa Rica,2
Justine Palmer,1-725-519-8537,ultrices.posuere@hotmail.org,74793-751,Netherlands,6
Eric Hardin,(146) 442-3484,senectus.et@protonmail.edu,257005,Spain,2
Mohammad Simmons,(533) 497-2145,libero.est.congue@icloud.couk,367913,Germany,5
Francesca Mclaughlin,1-645-245-6625,in.consectetuer.ipsum@yahoo.ca,742957,Vietnam,3
Sawyer Mercer,(783) 566-6084,nec@google.net,56-25,Germany,6
